input,x,result
"[3, 4, 8, 13, 15]",3,-1.1431
"[ 100,1, 2, 7, 9, 19]",2,-0.60115
"[10000, 7, 12, 15, 18]",5,-0.502
"[99, 16, 17]",6,-0.97704
"[ 6, 13, 16, 19, 20,1,1,1]",7,-0.33753
"[3, 9, 12, 19, 20]",3,-1.23438
"[ 2, 8, 12, 13, 14,  2, 8, 12, 13, 14]",1,-2
"[4, 7, 11, 13, 20,11,2,19]",0,-1.79125
"[2, 4, 9]",23,2.07692
"[99,80, 4, 7, 12, 18, 20]",5,-0.82106
